year,bigram,count
2015,sensitive documents,2
2015,funneled out,2
2015,twitter com,2
2015,com kpdarasiyal,2
2015,bank accounts,2
2015,accounts people,2
2015,political figures,2
2015,which shows,2
2015,hide them,2
2015,trying expose,1
2015,expose proof,1
2015,proof sensitive,1
2015,documents proving,1
2015,proving hidden,1
2015,hidden myr,1
2015,myr money,1
2015,money which,1
2015,which funneled,1
2015,out help,1
2015,help all,1
2015,all small,1
2015,small bipartisan,1
2015,bipartisan group,1
2015,group called,1
2015,called kpdarasiyal,1
2015,kpdarasiyal twitter,1
2015,kpdarasiyal old,1
2015,old friends,1
2015,friends who,1
2015,who problem,1
2015,problem state,1
2015,state financial,1
2015,financial corruption,1
2015,corruption our,1
2015,our country,1
2015,country why,1
2015,why exist,1
2015,exist were,1
2015,were able,1
2015,able obtain,1
2015,obtain documents,1
2015,documents were,1
2015,were once,1
2015,once hidden',1
2015,hidden' public,1
2015,public media,1
2015,media shows,1
2015,shows billions,1
2015,billions myr,1
2015,myr taken,1
2016,money into,2
2016,into paypal,2
2016,debit card,2
2016,paypal balance,2
2016,there anyway,1
2016,anyway put,1
2016,put money,1
2016,paypal maybank,1
2016,maybank debit,1
2016,card still,1
2016,still don't,1
2016,don't understand,1
2016,understand why,1
2016,why blocked,1
2016,blocked all,1
2016,all video,1
2016,video game,1
2016,game related,1
2016,related purchases,1
2016,purchases years,1
2016,years ago,1
2016,ago either,1
2016,either potential,1
2016,potential scams,1
2016,scams people,1
2016,people learn,1
2016,learn spend,1
2016,spend their,1
2016,their money,1
2016,money wisely,1
2016,wisely instead,1
2016,instead blocking,1
2016,blocking whole,1
2016,whole thing,1
2016,thing inconvenience,1
2016,inconvenience other,1
2016,other people,1
2016,people wanted,1
2016,wanted resort,1
2016,resort paypal,1
2016,paypal issue,1
2016,issue where,1
2016,where found,1
2016,found out,1
2016,out myr,1
2016,myr restricted,1
2016,restricted currency,1
2016,currency still,1
2016,still couldn't,1
2016,couldn't purchase,1
2017,started working,2
2017,last year,2
2017,fresh graduate,1
2017,graduate started,1
2017,working needinvesmentadvice,1
2017,needinvesmentadvice dear,1
2017,dear wise,1
2017,wise redditors,1
2017,redditors started,1
2017,working earnings,1
2017,earnings myr,1
2017,myr after,1
2017,after tax,1
2017,tax trading,1
2017,trading stocks,1
2017,stocks since,1
2017,since last,1
2017,year dividend,1
2017,dividend last,1
2017,year currently,1
2017,currently paying,1
2017,paying installment,1
2017,installment year,1
2017,year old,1
2017,old myvi,1
2017,myvi looking,1
2017,looking buy,1
2017,buy property,1
2017,property now,1
2017,now what,1
2017,what budget,1
2017,budget anything,1
2017,anything know,1
2017,know buying,1
2017,buying first,1
2017,first property,1
2017,property investment,1
2017,investment typo,1
2018,operating system,2
2018,command exe,2
2018,drive old,2
2018,system files,2
2018,list all,1
2018,all city,1
2018,city bank,1
2018,bank swift,1
2018,swift code,1
2018,code malaysia,1
2018,system update,1
2018,update summary,1
2018,summary summary,1
2018,summary key,1
2018,key updates,1
2018,updates malaysia,1
2018,malaysia operating,1
2018,system full,1
2018,full changelog,1
2018,changelog pdf,1
2018,pdf available,1
2018,available government,1
2018,government server,1
2018,server warning,1
2018,warning file,1
2018,file size,1
2018,size service,1
2018,service pack,1
2018,pack command,1
2018,exe proven,1
2018,proven defective,1
2018,defective system,1
2018,system reverted,1
2018,reverted stable,1
2018,stable tunxp,1
2018,tunxp version,1
2018,version until,1
2018,until suitable,1
2018,suitable replacement,1
2018,replacement patch,1
2018,patch published,1
2018,published admin,1
2018,admin seem,1
2018,seem happy,1
2018,happy stalled,1
2018,stalled before,1
2018,before entering,1
2018,entering admin,1
2018,admin password,1
2018,password verify,1
2020,get tested,10
2020,home quarantine,5
2020,southeast asia,5
2020,told him,4
2020,there were,4
2020,contact occs,4
2020,two weeks,4
2020,referral letter,4
2020,https imgur,4
2020,imgur com,4
2020,his last,3
2020,last day,3
2020,confirmed cases,3
2020,turned away,3
2020,travel abroad,3
2020,while waiting,3
2020,officially confirmed,3
2020,https www,3
2020,hot spot,3
2020,daily random,2
2020,random discussion,2
2020,discussion quick,2
2020,quick questions,2
2020,questions thread,2
2020,kuala lumpur,2
2020,i've got,2
2020,weeks ago,2
2020,asked him,2
2020,nausea fatigue,2
2020,muscle pain,2
2020,shortness breath,2
2020,sore throat,2
2020,i'm working,2
2020,working home,2
2020,i'm feeling,2
2020,boss whatsapp,2
2020,strength sunday,2
2020,official confirmed,2
2020,honest citizen,2
2020,coworkers officially,2
2020,said i'd,2
2020,i'd come,2
2020,tested covid,2
2020,said don't,2
2020,don't tests,2
2020,covid testing,2
2020,asked same,2
2020,same questions,2
2020,same answers,2
2020,fever cough,2
2021,https www,7
2021,www interactivebrokers,5
2021,interactivebrokers com,5
2021,com index,5
2021,index php,5
2021,php amp,5
2021,add ringgit,4
2021,local bank,4
2021,ibkr account,4
2021,here https,4
2021,https imgur,4
2021,imgur com,4
2021,fee eur,4
2021,ringgit account,3
2021,withdraw usd,3
2021,ibkr fees,3
2021,amp stocks,3
2021,exchange fee,3
2021,under these,2
2021,these criterias,2
2021,since account,2
2021,fees seem,2
2021,account balance,2
2021,debit card,2
2021,ringgit wise,2
2021,usd wire,2
2021,used wise,2
2021,currency conversion,2
2021,directly local,2
2021,bank account,2
2021,wire transfer,2
2021,struggling deposit,2
2021,deposit opened,2
2021,opened ibkr,2
2021,account less,2
2021,less month,2
2021,month ago,2
2021,monthly inactivity,2
2021,inactivity fees,2
2021,dca into,2
2021,vanguard ftse,2
2021,ftse all,2
2021,all world,2
2021,world acc,2
2021,acc vwce,2
2021,let say,2
2021,com https,2
2021,eur minimum,2
2021,regulatory fee,2
2021,total fee,2
2022,mee goreng,8
2022,malaysian food,8
2022,https www,7
2022,how much,6
2022,nasi lemak,6
2022,average aud,6
2022,aud amp,6
2022,amp cheapest,6
2022,aud most,6
2022,most expensive,6
2022,pappa rich,6
2022,perth aud,5
2022,expensive pappa,5
2022,rich melbourne,5
2022,melbourne aud,5
2022,malaysian bank,5
2022,ibkr account,5
2022,roti canai,4
2022,char koay,4
2022,koay teow,4
2022,usd account,4
2022,much malaysian,3
2022,food costs,3
2022,margin account,3
2022,into ibkr,3
2022,commission fees,3
2022,tiered pricing,3
2022,com index,3
2022,index php,3
2022,using wise,3
2022,wire transfer,3
2022,add funds,3
2022,insult our,2
2022,exchange rate,2
2022,cheapest karache,2
2022,karache sani,2
2022,tingkat perth,2
2022,sedap place,2
2022,perth resident,2
2022,perth perth,2
2022,malaysian restaurant,2
2022,melbourne resident,2
2022,kch north,2
2022,north perth,2
2022,authentic malaysian,2
2022,malaysian mee,2
2022,curry laksa,2
2022,sydney aud,2
2022,know how,2
2022,https cilisos,2
2023,https www,14
2023,mataram sultanate,9
2023,bank account,9
2023,ibkr account,9
2023,https preview,7
2023,preview redd,7
2023,width amp,7
2023,amp format,7
2023,amp auto,7
2023,auto webp,7
2023,webp amp,7
2023,while malays,6
2023,hindu buddhist,6
2023,ethnic groups,6
2023,southeast asia,6
2023,amp amp,6
2023,https wikipedia,6
2023,wikipedia org,6
2023,org wiki,6
2023,indonesia philippines,5
2023,javanese malays,5
2023,malacca sultanate,5
2023,jpg width,5
2023,format pjpg,5
2023,pjpg amp,5
2023,maritime southeast,5
2023,sultan yogyakarta,5
2023,java war,5
2023,into ibkr,5
2023,money there,5
2023,religious cultural,4
2023,hindu buddhism,4
2023,javanese ramayana,4
2023,johor sultanate,4
2023,european romanticism,4
2023,amp https,4
2023,www jstor,4
2023,jstor org,4
2023,org stable,4
2023,malay nationalism,4
2023,account ibkr,4
2023,taylor swift,3
2023,indonesia malaysia,3
2023,malaysia javanese,3
2023,identity blood,3
2023,while javanese,3
2023,cultural worldview,3
2023,multi religious,3
2023,javanese malay,3
2023,sultanate mataram,3
2024,tiered cheaper,21
2024,cheaper iff,16
2024,https www,14
2024,into ibkr,11
2024,how much,10
2024,fixed cheaper,10
2024,ibkr account,9
2024,forest city,8
2024,long term,8
2024,emergency fund,8
2024,bank account,8
2024,fixed tiered,8
2024,max tiered,8
2024,stay tuned,8
2024,taylor swift,7
2024,there were,7
2024,i'm looking,7
2024,account ibkr,7
2024,www interactivebrokers,7
2024,interactivebrokers com,7
2024,best way,6
2024,myr usd,6
2024,few months,6
2024,min max,6
2024,limit order,6
2024,cheaper max,6
2024,order buy,6
2024,buy shares,6
2024,case cost,6
2024,cost fixed,6
2024,those who,5
2024,irish domiciled,5
2024,every month,5
2024,deposit into,5
2024,money into,5
2024,transfer money,5
2024,ibkr fees,5
2024,usd usd,5
2024,way deposit,5
2024,index funds,5
2024,small cap,5
2024,deposit funds,5
2024,adding orders,5
2024,happens max,5
2024,taking orders,5
2024,while tiered,5
2024,gets adjusted,5
2024,think it's,4
2024,need pay,4
2024,days later,4
2025,https thewealthmeta,34
2025,thewealthmeta com,34
2025,ibkr account,23
2025,job search,23
2025,salary series,22
2025,compound interest,21
2025,https preview,19
2025,preview redd,19
2025,width amp,19
2025,amp format,19
2025,amp auto,19
2025,auto webp,19
2025,webp amp,19
2025,https www,18
2025,com content,18
2025,content uploads,18
2025,long term,17
2025,net worth,16
2025,png width,16
2025,format png,16
2025,png amp,16
2025,bank account,13
2025,new job,13
2025,com salary,13
2025,cash account,13
2025,how much,12
2025,interactive brokers,12
2025,series part,12
2025,dca into,11
2025,domiciled etfs,11
2025,labour market,11
2025,chart https,11
2025,commission fee,11
2025,find new,9
2025,uploads slide,9
2025,slide png,9
2025,uploads twm,9
2025,how find,9
2025,part how,9
2025,day plan,9
2025,hiring manager,9
2025,anyone here,8
2025,into ibkr,8
2025,tax relief,8
2025,foreign labour,8
2025,job downloadable,8
2025,downloadable templates,8
2025,market order,8
2025,penny stock,8
2025,fees ibkr,7
2026,long term,10
2026,ibkr moomoo,6
2026,domiciled etfs,6
2026,fund ibkr,5
2026,ibkr account,5
2026,ibkr automatically,5
2026,base currency,5
2026,flat fees,5
2026,into ibkr,4
2026,term investment,4
2026,thanks advance,4
2026,currency conversion,4
2026,karma farming,3
2026,farming bots,3
2026,fastest way,3
2026,way fund,3
2026,dca strategy,3
2026,wahed invest,3
2026,found out,3
2026,ireland domiciled,3
2026,per order,3
2026,management fees,3
2026,questions ibkr,3
2026,interactive brokers,3
2026,help opening,3
2026,opening ibkr,3
2026,ibkr expat,3
2026,expat malaysia,3
2026,transfer ibkr,3
2026,order eur,3
2026,customer service,3
2026,savings account,3
2026,make transfer,3
2026,brokers ibkr,3
2026,deposit eur,3
2026,eur cash,3
2026,subreddits created,2
2026,deposit wise,2
2026,wise convert,2
2026,wise fund,2
2026,into etfs,2
2026,fractional shares,2
2026,best roi,2
2026,expense ratio,2
2026,i'm planning,2
2026,which broker,2
2026,moomoo amp,2
2026,amp webull,2
2026,i'm currently,2
2026,withholding tax,2
