year,route,mentions
2015,Wise,0
2015,Instarem,0
2015,Revolut,0
2015,CIMB SG,0
2015,HSBC Hop,0
2015,Maybank,0
2015,CIMB,0
2015,PayPal,0
2015,Bank TT/SWIFT,0
2015,Crypto,0
2015,IDEALPRO,0
2016,Wise,1
2016,Instarem,0
2016,Revolut,0
2016,CIMB SG,0
2016,HSBC Hop,0
2016,Maybank,1
2016,CIMB,0
2016,PayPal,1
2016,Bank TT/SWIFT,0
2016,Crypto,0
2016,IDEALPRO,0
2017,Wise,1
2017,Instarem,0
2017,Revolut,0
2017,CIMB SG,0
2017,HSBC Hop,0
2017,Maybank,0
2017,CIMB,0
2017,PayPal,0
2017,Bank TT/SWIFT,0
2017,Crypto,0
2017,IDEALPRO,0
2018,Wise,0
2018,Instarem,0
2018,Revolut,0
2018,CIMB SG,0
2018,HSBC Hop,0
2018,Maybank,0
2018,CIMB,0
2018,PayPal,0
2018,Bank TT/SWIFT,0
2018,Crypto,0
2018,IDEALPRO,0
2020,Wise,0
2020,Instarem,0
2020,Revolut,0
2020,CIMB SG,0
2020,HSBC Hop,0
2020,Maybank,0
2020,CIMB,0
2020,PayPal,0
2020,Bank TT/SWIFT,0
2020,Crypto,0
2020,IDEALPRO,0
2021,Wise,3
2021,Instarem,0
2021,Revolut,0
2021,CIMB SG,1
2021,HSBC Hop,0
2021,Maybank,0
2021,CIMB,1
2021,PayPal,0
2021,Bank TT/SWIFT,1
2021,Crypto,0
2021,IDEALPRO,0
2022,Wise,5
2022,Instarem,0
2022,Revolut,0
2022,CIMB SG,1
2022,HSBC Hop,0
2022,Maybank,2
2022,CIMB,1
2022,PayPal,2
2022,Bank TT/SWIFT,0
2022,Crypto,0
2022,IDEALPRO,0
2023,Wise,5
2023,Instarem,0
2023,Revolut,1
2023,CIMB SG,0
2023,HSBC Hop,0
2023,Maybank,1
2023,CIMB,0
2023,PayPal,0
2023,Bank TT/SWIFT,0
2023,Crypto,1
2023,IDEALPRO,0
2024,Wise,16
2024,Instarem,0
2024,Revolut,2
2024,CIMB SG,2
2024,HSBC Hop,1
2024,Maybank,3
2024,CIMB,3
2024,PayPal,1
2024,Bank TT/SWIFT,1
2024,Crypto,3
2024,IDEALPRO,0
2025,Wise,21
2025,Instarem,0
2025,Revolut,2
2025,CIMB SG,0
2025,HSBC Hop,1
2025,Maybank,4
2025,CIMB,1
2025,PayPal,2
2025,Bank TT/SWIFT,0
2025,Crypto,3
2025,IDEALPRO,0
2026,Wise,6
2026,Instarem,0
2026,Revolut,0
2026,CIMB SG,0
2026,HSBC Hop,0
2026,Maybank,1
2026,CIMB,0
2026,PayPal,0
2026,Bank TT/SWIFT,1
2026,Crypto,0
2026,IDEALPRO,0
