year,word,count
2015,hidden,6
2015,documents,5
2015,which,4
2015,myr,3
2015,money,3
2015,out,3
2015,kpdarasiyal,3
2015,twitter,3
2015,our,3
2015,were,3
2015,shows,3
2015,people,3
2015,political,3
2015,first,3
2015,these,3
2015,them,3
2015,trying,2
2015,expose,2
2015,sensitive,2
2015,funneled,2
2015,help,2
2015,all,2
2015,com,2
2015,country,2
2015,why,2
2015,public,2
2015,billions,2
2015,outside,2
2015,into,2
2015,bank,2
2015,accounts,2
2015,some,2
2015,figures,2
2015,leak,2
2015,paid,2
2015,ppl,2
2015,hide,2
2015,document,2
2015,another,2
2015,proof,1
2015,proving,1
2015,small,1
2015,bipartisan,1
2015,group,1
2015,called,1
2015,old,1
2015,friends,1
2015,who,1
2015,problem,1
2015,state,1
2015,financial,1
2015,corruption,1
2015,exist,1
2015,able,1
2015,obtain,1
2015,once,1
2015,hidden',1
2015,media,1
2015,taken,1
2015,swiss,1
2015,listed,1
2015,financiers,1
2015,disgusting,1
2015,most,1
2015,popular,1
2015,illicit,1
2015,file,1
2015,lets,1
2015,call,1
2015,credit,1
2015,suisse,1
2015,blacklisted,1
2015,samy,1
2015,vellu,1
2015,saravanan,1
2015,others,1
2015,tied,1
2015,mdb,1
2015,hundreds,1
2015,millions,1
2015,combined,1
2015,banks,1
2015,malaysia,1
2015,cache,1
2015,destroyed,1
2015,off,1
2015,luckily,1
2015,got,1
2015,https,1
2015,status,1
2015,tried,1
2015,email,1
2015,journalists,1
2015,bloggers,1
2015,govt,1
2015,tweeted,1
2015,nothing,1
2015,either,1
2015,they're,1
2015,keep,1
2016,paypal,5
2016,money,4
2016,still,3
2016,into,2
2016,debit,2
2016,card,2
2016,people,2
2016,balance,2
2016,there,1
2016,anyway,1
2016,put,1
2016,maybank,1
2016,don't,1
2016,understand,1
2016,why,1
2016,blocked,1
2016,all,1
2016,video,1
2016,game,1
2016,related,1
2016,purchases,1
2016,years,1
2016,ago,1
2016,either,1
2016,potential,1
2016,scams,1
2016,learn,1
2016,spend,1
2016,their,1
2016,wisely,1
2016,instead,1
2016,blocking,1
2016,whole,1
2016,thing,1
2016,inconvenience,1
2016,other,1
2016,wanted,1
2016,resort,1
2016,issue,1
2016,where,1
2016,found,1
2016,out,1
2016,myr,1
2016,restricted,1
2016,currency,1
2016,couldn't,1
2016,purchase,1
2016,anything,1
2016,because,1
2016,paying,1
2016,what,1
2016,works,1
2016,form,1
2016,eur,1
2016,usd,1
2016,gbp,1
2016,etc,1
2016,how,1
2016,get,1
2016,putting,1
2016,converting,1
2016,anyone,1
2016,idea,1
2016,please,1
2016,leave,1
2016,comments,1
2016,below,1
2016,much,1
2016,appreciated,1
2017,year,3
2017,started,2
2017,working,2
2017,last,2
2017,property,2
2017,fresh,1
2017,graduate,1
2017,needinvesmentadvice,1
2017,dear,1
2017,wise,1
2017,redditors,1
2017,earnings,1
2017,myr,1
2017,after,1
2017,tax,1
2017,trading,1
2017,stocks,1
2017,since,1
2017,dividend,1
2017,currently,1
2017,paying,1
2017,installment,1
2017,old,1
2017,myvi,1
2017,looking,1
2017,buy,1
2017,now,1
2017,what,1
2017,budget,1
2017,anything,1
2017,know,1
2017,buying,1
2017,first,1
2017,investment,1
2017,typo,1
2018,system,7
2018,files,6
2018,drive,5
2018,all,3
2018,exe,3
2018,patch,3
2018,new,3
2018,old,3
2018,some,3
2018,apps,3
2018,list,2
2018,malaysia,2
2018,update,2
2018,summary,2
2018,key,2
2018,updates,2
2018,operating,2
2018,file,2
2018,service,2
2018,command,2
2018,until,2
2018,replacement,2
2018,admin,2
2018,password,2
2018,including,2
2018,spyware,2
2018,trying,2
2018,core,2
2018,next,2
2018,replaced,2
2018,affect,2
2018,city,1
2018,bank,1
2018,swift,1
2018,code,1
2018,full,1
2018,changelog,1
2018,pdf,1
2018,available,1
2018,government,1
2018,server,1
2018,warning,1
2018,size,1
2018,pack,1
2018,proven,1
2018,defective,1
2018,reverted,1
2018,stable,1
2018,tunxp,1
2018,version,1
2018,suitable,1
2018,published,1
2018,seem,1
2018,happy,1
2018,stalled,1
2018,before,1
2018,entering,1
2018,verify,1
2018,alternative,1
2018,lah,1
2018,what,1
2018,extensive,1
2018,security,1
2018,connected,1
2018,root,1
2018,bribery,1
2018,dat,1
2018,mdb,1
2018,trojan,1
2018,already,1
2018,targeted,1
2018,removal,1
2018,difficult,1
2018,spread,1
2018,throughout,1
2018,antivirus,1
2018,one,1
2018,functioning,1
2018,properly,1
2018,pinged,1
2018,thousands,1
2018,infections,1
2018,both,1
2018,local,1
2018,international,1
2018,hacker,1
2018,syndicates,1
2018,cambridge,1
2018,seemingly,1
2018,clustered,1
2018,around,1
2018,sector,1
2018,affecting,1
2018,private,1
2018,business,1
2018,banking,1
2018,staff,1
2018,save,1
2018,now,1
2018,running,1
2020,get,19
2020,there,19
2020,testing,15
2020,were,14
2020,covid,13
2020,tested,13
2020,home,12
2020,told,12
2020,said,12
2020,https,11
2020,test,11
2020,his,11
2020,him,11
2020,all,11
2020,what,11
2020,cases,11
2020,malaysia,10
2020,same,10
2020,it's,10
2020,pantai,10
2020,contact,10
2020,com,9
2020,asked,9
2020,which,9
2020,people,9
2020,fever,8
2020,some,8
2020,i'm,8
2020,hospital,8
2020,where,8
2020,back,8
2020,questions,7
2020,got,7
2020,doctor,7
2020,while,7
2020,coughing,7
2020,other,7
2020,two,7
2020,already,7
2020,clinic,7
2020,their,7
2020,right,7
2020,infections,7
2020,okay,6
2020,around,6
2020,weeks,6
2020,one,6
2020,last,6
2020,day,6
2020,came,6
2020,come,6
2020,sick,6
2020,only,6
2020,who,6
2020,symptoms,6
2020,out,6
2020,went,6
2020,going,6
2020,abroad,6
2020,now,6
2020,over,6
2020,asia,6
2020,don't,5
2020,quarantine,5
2020,desk,5
2020,week,5
2020,later,5
2020,i'd,5
2020,because,5
2020,really,5
2020,good,5
2020,else,5
2020,anyway,5
2020,why,5
2020,confirmed,5
2020,occ,5
2020,yet,5
2020,lady,5
2020,tests,5
2020,way,5
2020,number,5
2020,occs,5
2020,virus,5
2020,into,5
2020,waiting,5
2020,less,5
2020,referral,5
2020,letter,5
2020,area,5
2020,travel,5
2020,her,5
2020,thousands,5
2020,coronavirus,5
2020,singapore,5
2020,southeast,5
2020,official,4
2020,feeling,4
2020,our,4
2020,room,4
2020,guys,4
2021,account,24
2021,ibkr,23
2021,fees,19
2021,usd,16
2021,i'm,14
2021,fee,14
2021,eur,14
2021,amp,13
2021,wise,11
2021,https,11
2021,since,10
2021,com,10
2021,ringgit,7
2021,www,7
2021,index,6
2021,money,6
2021,how,6
2021,transfer,6
2021,acc,6
2021,php,6
2021,here,6
2021,exchange,6
2021,these,5
2021,minimum,5
2021,better,5
2021,bank,5
2021,currency,5
2021,all,5
2021,interactivebrokers,5
2021,degiro,5
2021,open,4
2021,don't,4
2021,seem,4
2021,some,4
2021,free,4
2021,funds,4
2021,month,4
2021,now,4
2021,want,4
2021,need,4
2021,add,4
2021,directly,4
2021,know,4
2021,withdraw,4
2021,local,4
2021,into,4
2021,sgd,4
2021,still,4
2021,deposit,4
2021,imgur,4
2021,xetra,4
2021,making,3
2021,needed,3
2021,malaysia,3
2021,other,3
2021,move,3
2021,find,3
2021,think,3
2021,balance,3
2021,it's,3
2021,thing,3
2021,really,3
2021,makes,3
2021,advice,3
2021,debit,3
2021,give,3
2021,opened,3
2021,got,3
2021,wire,3
2021,income,3
2021,method,3
2021,conversion,3
2021,convert,3
2021,cimb,3
2021,pay,3
2021,wanted,3
2021,less,3
2021,ago,3
2021,stocks,3
2021,monthly,3
2021,inactivity,3
2021,let,3
2021,compare,3
2021,etf,3
2021,vwce,3
2021,calculate,3
2021,buy,3
2021,total,3
2021,czk,3
2021,calculated,3
2021,swift,2
2021,covid,2
2021,rcep,2
2021,cptpp,2
2021,opportunities,2
2021,comprehensive,2
2021,agreement,2
2021,partnership,2
2021,hidden,2
2021,factory,2
2022,ibkr,26
2022,account,26
2022,aud,21
2022,amp,21
2022,usd,21
2022,malaysian,20
2022,how,19
2022,fees,16
2022,wise,14
2022,food,13
2022,perth,13
2022,https,12
2022,com,10
2022,what,10
2022,bank,10
2022,buy,10
2022,transfer,10
2022,paypal,10
2022,there,9
2022,anyone,9
2022,melbourne,9
2022,most,9
2022,deposit,9
2022,mee,8
2022,goreng,8
2022,www,8
2022,average,8
2022,expensive,8
2022,malaysia,8
2022,know,8
2022,money,8
2022,use,8
2022,australia,7
2022,myr,7
2022,cheapest,7
2022,teow,7
2022,some,7
2022,currency,7
2022,i'm,7
2022,using,7
2022,much,6
2022,all,6
2022,nasi,6
2022,lemak,6
2022,which,6
2022,get,6
2022,exchange,6
2022,out,6
2022,laksa,6
2022,here,6
2022,pappa,6
2022,rich,6
2022,char,6
2022,new,6
2022,find,5
2022,authentic,5
2022,non,5
2022,restaurant,5
2022,resident,5
2022,roti,5
2022,one,5
2022,tried,5
2022,where,5
2022,funds,5
2022,cash,5
2022,don't,5
2022,stock,5
2022,costs,4
2022,our,4
2022,while,4
2022,satay,4
2022,cost,4
2022,see,4
2022,price,4
2022,each,4
2022,rate,4
2022,because,4
2022,beef,4
2022,make,4
2022,were,4
2022,people,4
2022,canai,4
2022,koay,4
2022,it's,4
2022,best,4
2022,try,4
2022,margin,4
2022,trading,4
2022,better,4
2022,maybank,4
2022,wire,4
2022,fee,4
2022,etf,4
2022,stocks,4
2022,vwra,4
2022,shares,4
2022,add,4
2022,overseas,4
2022,let,3
2022,aussies,3
2023,javanese,88
2023,amp,51
2023,https,39
2023,malays,29
2023,malay,29
2023,there,27
2023,account,27
2023,indonesia,26
2023,ibkr,26
2023,were,25
2023,java,25
2023,malaysia,24
2023,sultanate,22
2023,their,20
2023,some,19
2023,while,18
2023,who,17
2023,islam,17
2023,bank,16
2023,religious,16
2023,other,16
2023,into,16
2023,money,16
2023,hindu,15
2023,his,15
2023,which,15
2023,www,14
2023,because,14
2023,indonesian,14
2023,nationalism,14
2023,after,14
2023,muslim,13
2023,one,13
2023,islamic,13
2023,religion,13
2023,mataram,12
2023,what,12
2023,groups,12
2023,org,12
2023,sultan,12
2023,majapahit,11
2023,people,11
2023,most,11
2023,however,11
2023,use,11
2023,dutch,11
2023,fees,11
2023,many,10
2023,very,10
2023,new,10
2023,ethnic,10
2023,all,10
2023,know,10
2023,first,10
2023,its,10
2023,yogyakarta,10
2023,only,9
2023,com,9
2023,how,9
2023,santri,9
2023,ramayana,9
2023,under,9
2023,these,9
2023,time,9
2023,works,9
2023,singapore,8
2023,southeast,8
2023,culture,8
2023,change,8
2023,abangan,8
2023,johor,8
2023,population,8
2023,pdf,8
2023,calendar,8
2023,auto,8
2023,muslims,8
2023,system,8
2023,over,8
2023,year,8
2023,before,8
2023,myr,8
2023,i'm,8
2023,usd,8
2023,out,7
2023,post,7
2023,two,7
2023,identity,7
2023,cultural,7
2023,past,7
2023,prophecy,7
2023,romanticism,7
2023,both,7
2023,buddhist,7
2023,malacca,7
2023,here,7
2023,where,7
2023,preview,7
2023,redd,7
2023,width,7
2023,format,7
2024,ibkr,149
2024,i'm,62
2024,usd,62
2024,account,61
2024,there,58
2024,some,58
2024,all,56
2024,money,54
2024,into,53
2024,bank,50
2024,what,47
2024,which,47
2024,tiered,45
2024,market,44
2024,fees,43
2024,cheaper,42
2024,deposit,42
2024,only,41
2024,other,40
2024,now,40
2024,how,39
2024,transfer,39
2024,after,37
2024,time,36
2024,it's,36
2024,order,36
2024,myr,35
2024,much,34
2024,buy,34
2024,malaysia,33
2024,fixed,33
2024,one,31
2024,funds,30
2024,them,29
2024,their,29
2024,using,29
2024,still,29
2024,out,27
2024,were,27
2024,get,27
2024,amp,26
2024,better,25
2024,stocks,25
2024,here,25
2024,wise,25
2024,through,25
2024,epf,25
2024,etfs,25
2024,need,24
2024,amount,24
2024,fee,24
2024,plan,24
2024,well,23
2024,very,23
2024,best,23
2024,home,23
2024,share,23
2024,https,23
2024,investment,23
2024,few,22
2024,days,22
2024,back,22
2024,while,22
2024,max,22
2024,first,21
2024,don't,21
2024,know,21
2024,cost,21
2024,i've,21
2024,portfolio,21
2024,price,21
2024,use,20
2024,see,20
2024,want,20
2024,good,20
2024,case,20
2024,way,20
2024,shares,20
2024,trading,20
2024,think,19
2024,small,19
2024,most,19
2024,since,19
2024,per,19
2024,even,18
2024,because,18
2024,looking,18
2024,years,18
2024,got,18
2024,sure,18
2024,little,18
2024,options,18
2024,com,18
2024,moomoo,18
2024,orders,18
2024,who,17
2024,long,17
2024,term,17
2024,its,17
2024,too,17
2025,ibkr,237
2025,how,124
2025,what,115
2025,account,103
2025,fees,100
2025,malaysia,94
2025,https,94
2025,usd,85
2025,amp,83
2025,which,80
2025,job,77
2025,there,69
2025,com,67
2025,bank,62
2025,some,61
2025,here,59
2025,salary,59
2025,years,57
2025,into,57
2025,fee,56
2025,wise,54
2025,now,53
2025,only,50
2025,i'm,50
2025,their,49
2025,all,48
2025,one,48
2025,money,48
2025,know,47
2025,out,45
2025,market,44
2025,png,43
2025,want,42
2025,company,42
2025,use,41
2025,buy,41
2025,work,40
2025,transfer,39
2025,anyone,39
2025,using,39
2025,even,39
2025,search,39
2025,think,38
2025,salaries,38
2025,over,37
2025,new,37
2025,much,37
2025,way,37
2025,time,37
2025,stock,37
2025,long,36
2025,based,36
2025,investing,36
2025,amount,36
2025,tax,34
2025,worth,34
2025,other,34
2025,deposit,34
2025,thewealthmeta,34
2025,better,33
2025,myr,33
2025,question,32
2025,who,32
2025,etfs,32
2025,best,32
2025,cost,32
2025,high,31
2025,information,31
2025,need,31
2025,them,30
2025,help,30
2025,every,30
2025,few,30
2025,first,30
2025,order,30
2025,make,29
2025,year,29
2025,still,29
2025,many,29
2025,after,29
2025,list,29
2025,labour,29
2025,questions,28
2025,same,28
2025,day,28
2025,let,28
2025,because,28
2025,cash,28
2025,find,28
2025,stocks,27
2025,most,27
2025,small,27
2025,interest,27
2025,understand,26
2025,funds,26
2025,looking,26
2025,value,26
2025,post,25
2025,plan,25
2025,malaysian,25
2026,ibkr,75
2026,account,36
2026,fees,24
2026,eur,23
2026,moomoo,22
2026,etfs,21
2026,transfer,20
2026,all,17
2026,deposit,17
2026,usd,15
2026,per,15
2026,only,14
2026,money,14
2026,into,14
2026,buy,14
2026,i'm,13
2026,wise,13
2026,long,13
2026,amp,13
2026,anyone,12
2026,currency,12
2026,invest,12
2026,bank,12
2026,out,11
2026,way,11
2026,fee,11
2026,amount,11
2026,time,10
2026,order,10
2026,fund,10
2026,convert,10
2026,better,10
2026,term,10
2026,voo,10
2026,how,9
2026,dca,9
2026,shares,9
2026,there,9
2026,get,9
2026,using,9
2026,thanks,9
2026,questions,9
2026,malaysia,9
2026,what,8
2026,experience,8
2026,best,8
2026,investing,8
2026,tax,8
2026,help,8
2026,cash,8
2026,new,7
2026,take,7
2026,which,7
2026,other,7
2026,even,7
2026,domiciled,7
2026,because,7
2026,etf,7
2026,i've,7
2026,make,7
2026,transfers,7
2026,automatically,7
2026,bots,6
2026,spread,6
2026,total,6
2026,one,6
2026,want,6
2026,response,6
2026,don't,6
2026,deposited,6
2026,who,6
2026,market,6
2026,investment,6
2026,stock,6
2026,flat,6
2026,cspx,6
2026,process,6
2026,understand,6
2026,vwra,6
2026,since,6
2026,opening,6
2026,savings,6
2026,subreddits,5
2026,karma,5
2026,some,5
2026,same,5
2026,day,5
2026,looking,5
2026,advance,5
2026,currently,5
2026,found,5
2026,withdraw,5
2026,through,5
2026,webull,5
2026,stocks,5
2026,right,5
2026,why,5
2026,everyone,5
2026,really,5
2026,based,5
